{"cameraMode":{"drawMode":0,"name":"Shaded","section":"Shading Mode"},"sceneLighting":true,"audioPlay":false,"sceneViewState":{"m_AlwaysRefresh":false,"showFog":true,"showSkybox":true,"showFlares":true,"showImageEffects":true,"showParticleSystems":true,"showVisualEffectGraphs":true,"m_FxEnabled":true},"in2DMode":false,"pivot":{"x":-13.65572452545166,"y":18.535795211791993,"z":-49.80406951904297},"rotation":{"x":-0.2699222266674042,"y":0.012963568791747094,"z":-0.003896379843354225,"w":-0.9629346132278442},"size":0.18358302116394044,"orthographic":false}